023_spontaneous_smile_7_145.jpg,2
023_spontaneous_smile_7_144.jpg,1
023_spontaneous_smile_7_143.jpg,3
023_spontaneous_smile_7_142.jpg,1
023_spontaneous_smile_7_141.jpg,1
023_spontaneous_smile_7_140.jpg,1
023_spontaneous_smile_7_139.jpg,2
023_spontaneous_smile_7_138.jpg,3
023_spontaneous_smile_7_137.jpg,4
023_spontaneous_smile_7_136.jpg,1
023_spontaneous_smile_7_135.jpg,2
023_spontaneous_smile_7_134.jpg,3
023_spontaneous_smile_7_133.jpg,1
023_spontaneous_smile_7_132.jpg,1
023_spontaneous_smile_7_131.jpg,2
023_spontaneous_smile_7_130.jpg,2
023_spontaneous_smile_7_129.jpg,1
023_spontaneous_smile_7_027.jpg,1
023_spontaneous_smile_7_026.jpg,3
023_spontaneous_smile_7_025.jpg,4
023_spontaneous_smile_7_024.jpg,3
023_spontaneous_smile_7_023.jpg,2
023_spontaneous_smile_7_022.jpg,1
023_spontaneous_smile_7_018.jpg,1
023_spontaneous_smile_7_017.jpg,1
023_spontaneous_smile_7_016.jpg,2
023_spontaneous_smile_7_015.jpg,3
